{"cameraMode":{"drawMode":0,"name":"Shaded","section":"Shading Mode"},"sceneLighting":true,"audioPlay":false,"sceneViewState":{"m_AlwaysRefresh":false,"showFog":true,"showSkybox":true,"showFlares":true,"showImageEffects":true,"showParticleSystems":true,"showVisualEffectGraphs":true,"m_FxEnabled":true},"in2DMode":false,"pivot":{"x":-1.8503446578979493,"y":0.3682231903076172,"z":11.146524429321289},"rotation":{"x":-0.15996170043945313,"y":0.47147810459136965,"z":-0.08740902692079544,"w":-0.862838625907898},"size":6.7625226974487309,"orthographic":false}