{"cameraMode":{"drawMode":0,"name":"Shaded","section":"Shading Mode"},"sceneLighting":true,"audioPlay":false,"sceneViewState":{"m_AlwaysRefresh":false,"showFog":true,"showSkybox":true,"showFlares":true,"showImageEffects":true,"showParticleSystems":true,"showVisualEffectGraphs":true,"m_FxEnabled":true},"in2DMode":false,"pivot":{"x":0.17379102110862733,"y":5.207164287567139,"z":-2.996086597442627},"rotation":{"x":0.019207900390028955,"y":0.005995671730488539,"z":-0.00011170376819791272,"w":0.9998041987419128},"size":7.891659259796143,"orthographic":false}