{"cameraMode":{"drawMode":0,"name":"Shaded","section":"Shading Mode"},"sceneLighting":true,"audioPlay":false,"sceneViewState":{"m_AlwaysRefresh":false,"showFog":true,"showSkybox":true,"showFlares":true,"showImageEffects":true,"showParticleSystems":true,"showVisualEffectGraphs":true,"m_FxEnabled":true},"in2DMode":false,"pivot":{"x":-0.24539078772068025,"y":1.7482246160507203,"z":-1.502571940422058},"rotation":{"x":0.07746027410030365,"y":0.7708611488342285,"z":-0.09554252028465271,"w":0.6250263452529907},"size":4.475028038024902,"orthographic":false}