{"cameraMode":{"drawMode":0,"name":"Shaded","section":"Shading Mode"},"sceneLighting":false,"audioPlay":false,"sceneViewState":{"m_AlwaysRefresh":false,"showFog":true,"showSkybox":false,"showFlares":true,"showImageEffects":true,"showParticleSystems":true,"showVisualEffectGraphs":true,"m_FxEnabled":true},"in2DMode":false,"pivot":{"x":0.058177411556243899,"y":1.3535687923431397,"z":13.316224098205567},"rotation":{"x":-0.15996170043945313,"y":0.47147810459136965,"z":-0.08740902692079544,"w":-0.862838625907898},"size":2.25229811668396,"orthographic":false}