{"cameraMode":{"drawMode":0,"name":"Shaded","section":"Shading Mode"},"sceneLighting":false,"audioPlay":false,"sceneViewState":{"m_AlwaysRefresh":false,"showFog":false,"showSkybox":false,"showFlares":false,"showImageEffects":false,"showParticleSystems":false,"showVisualEffectGraphs":true,"m_FxEnabled":true},"in2DMode":false,"pivot":{"x":-0.006076157093048096,"y":0.8512405157089233,"z":0.05538374185562134},"rotation":{"x":-0.018290698528289796,"y":-0.044380445033311847,"z":0.0008125035092234612,"w":-0.9988481402397156},"size":1.3239408731460572,"orthographic":false}